First Name,Last Name,Age,Salary,email,Street Address0,Street Address1,Street Address2
Calvin,Linda,29,"$3,831.98 ",Aenean.eget@egestasSed.edu,Ruisbroek,"3441 Montes, St.",135-8924 Nisi Street
Finn,Hilary,83,"$1,604.42 ",In@vestibulumnequesed.net,Herselt,347-7742 Congue. St.,249-5009 Egestas St.
Theodore,Bo,92,"$6,530.46 ",ullamcorper.Duis@Nullamfeugiatplacerat.org,Chicago,"5406 Non, Rd.",Ap #612-9907 Ac Ave
Wing,Ann,6,"$2,424.38 ",Morbi@maurisid.net,Grand-Hallet,282-4143 Elit. Rd.,"Ap #930-4268 Convallis, Road"
Beau,Nell,61,"$5,424.47 ",lorem.auctor.quis@ullamcorpermagnaSed.net,Sassocorvaro,"P.O. Box 103, 5562 Nulla St.",3969 Ullamcorper. Ave
Aquila,Sacha,95,"$8,375.28 ",nec.imperdiet.nec@noncursusnon.edu,Wolfville,"P.O. Box 695, 5146 Risus. Rd.","P.O. Box 354, 5872 Consectetuer Ave"
Lyle,Amena,78,"$8,679.09 ",enim.Mauris.quis@habitantmorbitristique.org,Calder,3677 Nunc. Road,Ap #823-1754 Enim Ave
Hop,Martina,2,"$5,744.92 ",Nunc.mauris.elit@lacusAliquam.net,Milestone,"P.O. Box 179, 8680 Et, Road",Ap #319-4247 Lectus Ave
William,Angelica,51,"$5,122.30 ",lacinia@nisiAenean.com,Ravenstein,143-7785 Rhoncus. Av.,"P.O. Box 737, 4977 Est Rd."
Addison,Leigh,29,"$7,133.25 ",mollis.Duis.sit@enimEtiam.com,Arnesano,6854 Donec Ave,9909 Eleifend Street
Nasim,Lila,20,"$4,016.52 ",nunc@Etiamlaoreet.com,Hatfield,"Ap #992-2382 Non, St.",Ap #319-7569 Sit Rd.
Armand,Catherine,59,"$3,857.06 ",Maecenas.libero.est@porttitor.ca,Stirling,"P.O. Box 371, 2604 Faucibus Rd.","P.O. Box 130, 3618 Risus. Rd."
Hilel,Melissa,49,"$3,785.77 ",nunc.ullamcorper.eu@Duisacarcu.net,Cambiago,Ap #306-1621 Facilisis Rd.,"1918 Ornare, St."
Arsenio,Calista,62,"$8,409.81 ",vitae@interdum.co.uk,Nyazepetrovsk,"P.O. Box 855, 873 Montes, Av.",5023 Tristique Street
Jakeem,Cleo,75,"$3,774.35 ",mus.Aenean@nectempusscelerisque.ca,Multan,"Ap #241-2459 Eget, Rd.","806-3564 Sed, Street"
Garth,Deborah,14,"$9,690.55 ",Curae@dui.co.uk,Kumbakonam,"Ap #708-6248 Vitae, St.","Ap #996-3566 Amet, Street"
Reed,Angela,95,"$4,275.65 ",mauris.Morbi.non@Duisatlacus.org,Wayaux,412-7872 Tristique Av.,4727 Orci Ave
Bevis,Zenia,52,"$3,159.17 ",magnis.dis@est.com,Anamur,"P.O. Box 720, 8099 Integer Ave","P.O. Box 155, 8160 Dolor. Ave"
Leroy,Claire,93,"$7,775.65 ",Suspendisse@loremloremluctus.org,Beauvechain,"P.O. Box 728, 4605 Elementum St.",614-2287 Arcu. Street
Nehru,Adena,12,"$9,176.59 ",elementum.at@egetodioAliquam.co.uk,Chiavari,918-8849 Integer Rd.,"777-8059 Vulputate, Street"
Hakeem,Doris,81,"$2,473.17 ",Donec.felis.orci@Sed.org,Chandler,3338 Sed Ave,"234-4894 Nec, Ave"
Thomas,Chanda,29,"$1,203.37 ",Phasellus.dapibus@Pellentesque.com,Verona,Ap #540-3646 Nulla. Street,"P.O. Box 245, 7778 Arcu St."
Carson,Penelope,51,"$4,323.36 ",enim.Etiam@massaVestibulum.co.uk,Ross-on-Wye,251-3315 Semper Rd.,Ap #344-9155 Ornare Av.
Hayden,Christine,57,"$3,714.36 ",metus@lectus.ca,Worcester,938-1255 Justo. Av.,6623 Convallis Rd.
Gareth,Jaden,82,"$6,255.15 ",Donec@mollislectuspede.co.uk,Angleur,Ap #832-8448 Ipsum St.,"P.O. Box 921, 8466 Quam Avenue"
Moses,Zenia,19,"$2,884.30 ",penatibus.et.magnis@massanonante.edu,Yegoryevsk,Ap #483-5355 Eget Ave,"7402 Lobortis, Av."
Eaton,Briar,32,"$8,113.06 ",urna.Ut.tincidunt@vehicula.edu,Jaén,"P.O. Box 889, 1015 Dolor St.",830-1945 Orci Street
Alan,Summer,67,"$7,887.40 ",posuere.enim@Nuncut.co.uk,Sherbrooke,109-7512 Varius Av.,Ap #334-5007 Vivamus Street
Norman,Carol,21,"$7,134.38 ",et.euismod.et@Nam.ca,Columbus,"514-7008 Facilisis, St.",Ap #500-7759 Sollicitudin Road
Linus,Winter,10,"$2,194.53 ",neque@pharetra.net,Pulle,273-9665 Velit. Street,6626 Mauris St.
Jermaine,Isabella,2,"$4,739.51 ",fermentum@maurissagittis.edu,Minto,568-6364 Nisl. Rd.,Ap #623-3928 Sodales Avenue
Tate,Jessamine,47,"$9,846.29 ",luctus@tinciduntaliquamarcu.com,San Marcello,"Ap #273-7293 Lorem, Rd.",1798 Proin Avenue
Dorian,Aurelia,71,"$4,051.54 ",odio.tristique@nibhDonecest.net,Lichtaart,5160 Tristique Road,Ap #307-7977 At Av.
Lee,Sacha,13,"$7,303.63 ",gravida.sit.amet@urnaUt.org,Kyshtym,"P.O. Box 334, 3433 Lorem Street","P.O. Box 762, 2458 Non Avenue"
Cole,Olivia,11,"$1,239.48 ",vel@pedemalesuada.co.uk,Merritt,Ap #303-6143 Mi St.,980-6233 Interdum Road
Aristotle,Quail,74,"$1,806.44 ",sodales.at@dictumultriciesligula.ca,Maryborough,"P.O. Box 491, 4936 Maecenas Ave",240-7597 Erat. St.
Elliott,Stacey,48,"$5,245.67 ",Proin.mi@nuncinterdumfeugiat.com,Ruisbroek,1356 Lorem Street,819-9102 Faucibus Ave
Neil,Laura,42,"$5,923.97 ",vel@elit.org,San Giacomo degli Schiavoni,9563 Est St.,Ap #961-349 Interdum Av.
Ferris,Winter,28,"$7,877.10 ",Donec@nullaante.edu,Chicoutimi,"P.O. Box 718, 7580 Morbi Rd.","P.O. Box 847, 8696 Vel Road"
Kennedy,Xandra,93,"$9,831.06 ",Curabitur.sed.tortor@Nullamvitae.com,Dubbo,"P.O. Box 943, 7639 Luctus St.","P.O. Box 511, 2185 Dolor Rd."
Carter,Remedios,49,"$5,983.57 ",vulputate@magna.com,Lansing,Ap #754-890 Aliquam Rd.,"P.O. Box 307, 8451 Quisque St."
Lane,Madeson,46,"$4,053.77 ",mattis@velvenenatis.org,Dalcahue,3108 Fusce Street,815-1707 Convallis Street
Dalton,Isabella,37,"$9,400.05 ",feugiat.non.lobortis@eros.ca,Columbia,"P.O. Box 940, 4263 Egestas. Road",Ap #252-8227 Purus. Rd.
Rajah,Hedy,8,"$4,286.48 ",Nulla.eget.metus@eunibh.edu,Saint-Nazaire,"P.O. Box 959, 2389 Etiam Av.",388-8020 Ligula. Avenue
Lester,Alice,2,"$4,748.55 ",Donec.nibh@orciPhasellus.com,Beauport,888 Elementum Rd.,"P.O. Box 317, 2089 Integer Av."
Martin,Amanda,51,"$7,835.86 ",hendrerit@Aliquam.org,Winchester,557-7859 Semper Rd.,Ap #566-2738 Ullamcorper St.
Nehru,Beatrice,7,"$2,041.79 ",bibendum.Donec@et.net,Rangiora,"P.O. Box 644, 2280 Accumsan Road",6929 Ipsum. Road
Hasad,Judith,52,"$8,063.40 ",Aenean.eget.metus@congueturpisIn.com,Maidenhead,Ap #582-2399 Nibh Rd.,"P.O. Box 781, 7985 Ipsum Rd."
Wyatt,Adrienne,54,"$3,794.74 ",sed.libero@rhoncusNullam.org,Oaxaca,6674 Curabitur Rd.,Ap #253-4032 Parturient Street
Chaney,Flavia,20,"$7,980.28 ",ac.arcu.Nunc@at.ca,San Giovanni la Punta,9954 Nullam Av.,"P.O. Box 113, 2151 Diam Road"
Quentin,Kai,89,"$3,031.96 ",justo.sit.amet@non.ca,Suxy,981-4118 Nibh Av.,"P.O. Box 111, 934 Mattis. Av."
Addison,Stacey,80,"$4,218.90 ",lorem.vehicula@velit.edu,Uddevalla,"P.O. Box 887, 6652 Tortor, St.",Ap #398-4535 Fusce Street
Tate,Jordan,34,"$7,389.58 ",quam@aliquetProin.ca,Hérouville-Saint-Clair,8845 Ac St.,"P.O. Box 626, 7939 Lobortis Av."
Benedict,Maggie,86,"$2,135.92 ",molestie.orci.tincidunt@gravida.net,Monte Santa Maria Tiberina,9132 Lectus St.,"P.O. Box 245, 6693 In Rd."
Dieter,Roanna,90,"$9,050.64 ",Donec.sollicitudin.adipiscing@nunc.co.uk,Serampore,632-581 Nisi St.,"P.O. Box 493, 4667 Mauris Ave"
Lester,Lara,64,"$6,045.24 ",ornare@consequatpurusMaecenas.com,Elektrostal,"P.O. Box 755, 5982 Morbi Street","3657 Sed, St."
Zahir,Hilda,70,"$7,716.25 ",a.sollicitudin.orci@quamPellentesque.org,Zaria,700-2315 Sed St.,"P.O. Box 487, 3223 Vehicula Road"
Zachery,Dara,67,"$3,479.20 ",Sed@semperrutrum.co.uk,Yorkton,"P.O. Box 403, 6385 Metus St.",8486 Ut St.
Curran,Ora,2,"$4,545.55 ",molestie@eget.co.uk,Meißen,"P.O. Box 264, 7019 Dapibus St.",9402 Arcu. St.
Dieter,Pascale,6,"$9,618.19 ",volutpat@SeddictumProin.edu,Oostmalle,3881 Tincidunt St.,Ap #219-9566 Neque Road
Quamar,Bryar,95,"$8,093.03 ",fermentum.vel.mauris@lobortisquis.org,Sim,"Ap #785-6459 Ornare, Avenue",164-2417 At Rd.
Palmer,Sacha,45,"$3,342.90 ",ornare.In.faucibus@sollicitudin.edu,L�vis,616-7756 Augue St.,1543 Donec Ave
Keegan,Mara,47,"$1,472.81 ",lobortis.tellus.justo@metusAenean.edu,Dolcedo,"P.O. Box 776, 6672 Dolor Rd.",9408 Lobortis Rd.
Austin,Molly,82,"$9,130.39 ",augue@Donec.com,Saint-Brieuc,"P.O. Box 952, 9363 In Avenue",Ap #132-2163 Scelerisque Street
Martin,Mary,81,"$9,942.80 ",eget.mollis@ultricesposuerecubilia.org,Colchester,170-7049 Eu St.,362-2661 Rutrum Rd.
Logan,Rebekah,27,"$3,439.56 ",Maecenas.libero.est@mauris.ca,Scarborough,3514 Nibh. St.,Ap #883-5557 Class Av.
Basil,Veronica,10,"$8,559.12 ",magna.Praesent@tempor.com,Toltén,860-7411 Tristique Road,"P.O. Box 997, 2858 Etiam St."
Scott,Althea,88,"$1,988.43 ",a.dui@ProinvelitSed.com,Falun,340-1790 Urna Av.,"P.O. Box 112, 7136 Tempor Avenue"
Marsden,Serina,25,"$1,231.69 ",Vivamus.rhoncus@iaculis.net,Damoh,"P.O. Box 860, 4456 Sagittis Rd.","P.O. Box 200, 4449 Non, Rd."
Ray,Amber,76,"$3,412.24 ",facilisis@dolorFuscefeugiat.com,Saint-Pierre,8064 Magna Street,219-5049 Aliquet. Av.
Dolan,Lillith,24,"$2,383.04 ",orci.lobortis.augue@purus.co.uk,Longaví,Ap #235-6081 Nec Avenue,194 In Av.
Jin,Pascale,38,"$5,555.87 ",ante@Morbi.org,Burns Lake,7873 Erat Road,378-6167 Elit St.
Callum,Aphrodite,88,"$7,224.30 ",eu@arcu.org,Piagge,Ap #539-4032 Rutrum Rd.,"P.O. Box 487, 5429 Sollicitudin Avenue"
Prescott,Regina,3,"$1,842.82 ",neque@arcuimperdietullamcorper.org,Monteu Roero,"P.O. Box 142, 3423 Mi Rd.","324-965 Facilisis, St."
Thane,Althea,4,"$1,298.66 ",a.tortor.Nunc@aliquet.co.uk,GŽrompont,4488 Ut St.,"P.O. Box 661, 9026 Sem Street"
Ferris,Buffy,3,"$6,820.68 ",elit.dictum.eu@sitamet.com,Los Patios,"P.O. Box 683, 3625 Erat Road","P.O. Box 149, 2944 Bibendum. Avenue"
Camden,Clare,37,"$2,586.08 ",ut.erat.Sed@Maurismolestiepharetra.org,Mechelen-aan-de-Maas,596-684 Sed Ave,"P.O. Box 819, 1687 Sit Av."
Coby,Willow,59,"$5,285.49 ",pharetra@etpedeNunc.org,East Gwillimbury,"P.O. Box 924, 7598 Venenatis Rd.",Ap #230-9464 Vestibulum St.
Devin,Inez,35,"$8,400.92 ",risus@tempusmauriserat.net,Vierzon,696-7116 Non Rd.,"P.O. Box 216, 7491 Vulputate Avenue"
Chadwick,September,68,"$7,853.15 ",Curabitur.sed@quam.edu,Volokolamsk,708-5035 Nec Ave,"P.O. Box 812, 7713 Ante St."
Stephen,Rosalyn,24,"$1,221.41 ",auctor@dictumeleifend.ca,Tredegar,310-1012 Nunc Rd.,"Ap #343-8710 Eu, Rd."
David,Marah,32,"$5,111.12 ",quam@lectusquismassa.com,Belvedere Ostrense,Ap #424-7584 Eget Rd.,921-3692 Leo. Avenue
Ferris,Jemima,63,"$4,993.24 ",amet.ornare.lectus@conguea.org,Akhisar,441-8241 Aliquam Rd.,"Ap #667-4900 Eleifend, Road"
Benjamin,Autumn,13,"$1,906.41 ",ultricies@sed.co.uk,Berwick,8799 Ipsum Rd.,950-3403 Fusce Ave
Dexter,Hermione,64,"$3,627.20 ",euismod.est.arcu@vel.edu,Pontboset,Ap #352-4731 Laoreet Ave,Ap #431-4100 Ultricies Ave
Stone,Ima,5,"$8,624.50 ",vitae.nibh.Donec@et.net,Kawawachikamach,726-9515 Magna Ave,"1619 A, Avenue"
Merrill,Eden,26,"$4,469.95 ",nec@porttitorerosnec.net,Gilly,"P.O. Box 468, 3655 Nibh. Road",6307 Odio Ave
Mark,Sloane,4,"$6,640.87 ",Sed@hymenaeosMaurisut.edu,Cornwall,9752 Pede. St.,"P.O. Box 384, 1532 Vulputate, Avenue"
Eaton,Sandra,3,"$3,601.34 ",dignissim.lacus@cursus.co.uk,Corozal,Ap #455-8342 Eu Av.,7766 Parturient Avenue
Emerson,Helen,34,"$9,706.29 ",vitae.risus@tempuseuligula.ca,Campbeltown,"P.O. Box 500, 2979 Eu Ave",296-2898 Lorem Road
Elijah,Tanya,50,"$3,625.37 ",sem@Quisque.net,Turriff,8990 Posuere Rd.,381-7081 Orci Av.
Stuart,Rhonda,53,"$2,969.84 ",turpis.vitae@semelit.ca,Sainte-Flavie,383 Nulla Road,Ap #524-8169 Semper St.
Flynn,Uma,78,"$1,549.70 ",neque.pellentesque.massa@ridiculusmusAenean.ca,Erquelinnes,Ap #554-6275 Aliquet. Rd.,602-9977 Mi Road
Adrian,Maya,31,"$5,688.81 ",Aliquam.nisl.Nulla@odio.edu,Fiumara,"P.O. Box 591, 3542 Diam. St.",Ap #466-746 Dolor. Avenue
Akeem,Halla,75,"$3,904.60 ",Donec.porttitor@accumsanconvallisante.co.uk,Calestano,1772 Arcu. Rd.,721-1146 Ut St.
Stewart,Paula,81,"$2,632.07 ",erat.Vivamus@nequenonquam.org,South Burlington,480-974 Duis Av.,Ap #333-2142 Risus St.
Avram,Ivory,55,"$5,702.06 ",elit.erat@ametconsectetueradipiscing.com,Völkermarkt,391-1432 Congue Street,Ap #470-7602 Vivamus Av.
Ray,Mallory,74,"$8,163.29 ",pede.et.risus@sitametluctus.edu,Calice al Cornoviglio,"P.O. Box 435, 1450 Quam St.",9699 Accumsan Road
Hashim,Tanya,87,"$8,715.12 ",a.feugiat.tellus@primisinfaucibus.ca,Widooie,"P.O. Box 229, 288 Sit St.",Ap #450-3132 Arcu St.
Nissim,Olivia,1,"$7,710.95 ",viverra.Donec@ornareIn.com,Cimolais,Ap #815-8524 Euismod Street,Ap #750-2651 Magnis St.